{"cameraMode":{"drawMode":0,"name":"Shaded","section":"Shading Mode"},"sceneLighting":false,"audioPlay":false,"sceneViewState":{"m_AlwaysRefresh":false,"showFog":true,"showSkybox":true,"showFlares":true,"showImageEffects":true,"showParticleSystems":true,"showVisualEffectGraphs":true,"m_FxEnabled":false},"in2DMode":false,"pivot":{"x":-0.08009819686412811,"y":0.012014061212539673,"z":89.67807006835938},"rotation":{"x":-0.09600842744112015,"y":-0.05611203610897064,"z":0.005421229638159275,"w":-0.9937877058982849},"size":1.5585639476776124,"orthographic":false}